{
  "name": "儀式占卜杖",
  "icon": "bloodmagic:ritualdiviner",
  "category": "bloodmagic:rituals",
  "pages": [
    {
      "type": "patchouli:text",
      "text": "儀式的建造是一項複雜的工作;即使你有正確的$(item)銘文工具$()，你也不能期望它自己刻上儀式。幸運的是，$(item)儀式占卜杖$()能在這裡提供幫助。 $(br2)對著空氣按住[$(k:sneak)]並按下[$(k:use)]或[$(k:attack)]就能循環選擇你可以使用的儀式。"
    },
    {
      "type": "patchouli:crafting",
      "recipe": "bloodmagic:ritual_diviner_0",
      "text": "只需要看向$(item)主儀式石$()並按下[$(k:use)]。儀式占卜杖就能使用你身上帶著的任何$(item)儀式石$()完成建造選定的儀式。這就像魔法一樣!"
    },
    {
      "type": "patchouli:text",
      "text": "儀式占卜杖可以打破可替換的任何方塊(像是草，雪，其他)，但沒辦法破壞泥土，石頭等堅固的方塊，所以在施工前確保場地清空，否則你的$(l:bloodmagic:rituals/activation_crystals)活化水晶$()將不會運作。 $(br2)值得注意的是，基本的儀式占卜杖只能建造一些簡單的儀式。如果你想讓它發揮完整的作用，你需要使用$(dusk)銘文工具: 薄暮$()進行升級。"
    },
    {
      "type": "patchouli:crafting",
      "recipe": "bloodmagic:ritual_diviner_1",
      "anchor": "dusk",
      "text": "與元素銘文工具不同，儀式占卜杖和儀式占卜杖[薄暮]永遠不會消耗。"
    },
    {
      "type": "patchouli:text",
      "text": "製作基本的儀式占卜杖需要每種$(item)元素銘文工具$()各一個，以及一個階級3的$(l:bloodmagic:altar/blood_altar)血祭壇$(/l)。$(br2)四種元素銘文工具可以在你的祭壇中每個使用$(blood)1,000 LP$()製作，如以下幾頁所介紹的。儀式占卜杖[薄暮]則需要，階級4的祭壇並透過消耗$(blood)2,000 LP$()製作兩個銘文工具: 薄暮。"
    },
    {
      "type": "patchouli:text",
      "text": "你也可以用這些工具手刻符文，但這只應該作為裝飾用途，因為它既緩慢又不準確。"
    },
    {
      "type": "bloodmagic:2x_crafting_altar",
      "a.heading": "銘文工具: 風",
      "a.recipe": "bloodmagic:altar/air_tool",
      "b.heading": "銘文工具: 火",
      "b.recipe": "bloodmagic:altar/fire_tool"
    },
    {
      "type": "bloodmagic:2x_crafting_altar",
      "a.heading": "銘文工具: 水",
      "a.recipe": "bloodmagic:altar/water_tool",
      "b.heading": "銘文工具: 土",
      "b.recipe": "bloodmagic:altar/earth_tool"
    },
    {
      "type": "bloodmagic:crafting_altar",
      "heading": "銘文工具: 薄暮",
      "recipe": "bloodmagic:altar/dusk_tool"
    }
  ]
}
