{
  "name": "磁引印記",
  "icon": "bloodmagic:sigilofmagnetism",
  "category": "bloodmagic:alchemy_array/sigil",
  "pages": [
    {
      "type": "patchouli:text",
      "text": "活化後將玩家的拾取距離提高到7個方塊遠。透過手持印記並且按下[$(k:sneak)]及[$(k:use)]切換開關。 $(br2)代價為啟用時每5秒50 $(blood)LP$()。"
    },
    {
      "type": "bloodmagic:crafting_2-step_sigil",
      "alchemy_table.heading": "磁引試劑",
      "alchemy_table.recipe": "bloodmagic:alchemytable/reagent_magnetism",
      "array.heading": "磁引印記",
      "array.recipe": "bloodmagic:array/magnetismsigil"
    },
    {
      "type": "patchouli:text",
      "flag": "mod:curios",
      "text": "由於你安裝了$(thing)Curios API$()，你能夠將$(item)印記$()作為飾品放入。如果你想同時配戴更多飾品，考慮使用 $(l:bloodmagic:alchemy_array/sigil/holding)維持印記$()，或者為你的$(l:bloodmagic:alchemy_array/living_equipment/living_basics)束靈鎧甲$()提供$(l:bloodmagic:alchemy_array/living_equipment/armor_upgrades/curios_sockets)插槽$()。"
    }
  ]
}