{
  "name": "抑制印記",
  "icon": "bloodmagic:sigilofsuppression",
  "category": "bloodmagic:alchemy_array/sigil",
  "pages": [
    {
      "type": "patchouli:text",
      "text": "當透過按下[$(k:use)]活化$(item)抑制印記$()時，將暫時使持有者周圍大約6個方塊範圍內的液體消失。在離開範圍後液體將會恢復，像是從來沒有消失過。雖然將使探索地獄的岩漿海變得容易，但是要小心再活化時跳下任何深水域!"
    },
    {
      "type": "bloodmagic:crafting_2-step_sigil",
      "alchemy_table.heading": "抑制試劑",
      "alchemy_table.recipe": "bloodmagic:alchemytable/reagent_suppression",
      "array.heading": "抑制印記",
      "array.recipe": "bloodmagic:array/suppressionsigil",
      "array.text": "$(italic)比虛無印記更好\u00AE!"
    }
  ]
}
