{
  "name": "傳送印記",
  "icon": "bloodmagic:telepositionsigil",
  "category": "bloodmagic:alchemy_array/sigil",
  "pages": [
    {
      "type": "patchouli:text",
      "text": "將使用者傳送至連接的傳送器，代價為每次使用$(blood)1000 LP$()。在手持印記的情況下，透過潛行並點擊傳送器，可以記錄傳送器的位置及尺寸，從而迅速地逃回家中。 $(br2)只要不要意外的移動傳送器就好..."
    },
    {
      "type": "bloodmagic:crafting_2-step_sigil",
      "alchemy_table.heading": "傳送試劑",
      "alchemy_table.recipe": "bloodmagic:alchemytable/reagent_teleposition",
      "array.heading": "傳送印記",
      "array.recipe": "bloodmagic:array/telepositionsigil",
      "array.text": "$(italic)現在你看到我了...!$()"
    }
  ]
}
