{
  "name": "毒藥",
  "icon": "minecraft:spider_eye",
  "category": "bloodmagic:alchemy_table/potion_flasks/vanilla",
  "pages": [
    {
      "type": "patchouli:text",
      "text": "$(thing)毒藥$()在一段時間內對目標持續造成傷害，但無法擊殺目標。更高的等級將會更快造成傷害。"
    },
    {
      "type": "bloodmagic:3x_crafting_flask",
      "a.heading": "中毒 (3:00)",
      "a.recipe": "bloodmagic:flask/poison",
      "b.heading": "中毒 (8:00)",
      "b.recipe": "bloodmagic:flask/length_poison",
      "c.heading": "中毒 II (1:30)",
      "c.recipe": "bloodmagic:flask/potency_poison"
    },
    {
      "type": "patchouli:text",
      "text": "添加$(l:bloodmagic:alchemy_table/potions#average_potions)標準催化劑$()可以更進一步提升效果。"
    },
    {
      "type": "bloodmagic:2x_crafting_flask",
      "a.heading": "中毒 III (0:45)",
      "a.recipe": "bloodmagic:flask/potency_average_poison",
      "b.heading": "中毒 (21:20)",
      "b.recipe": "bloodmagic:flask/length_average_poison"
    }
  ]
}
