{
  "name": "血祭壇",
  "icon": "bloodmagic:altar",
  "category": "bloodmagic:altar",
  "priority": "true",
  "extra_recipe_mappings": {
    "bloodmagic:daggerofsacrifice": 13
    },
  "pages": [
    {
      "type": "patchouli:text",
      "text": "$(item)血祭壇$()是模組的核心部分，能夠將$(blood)血液$()轉化為$(blood)生命精華$()。雖然一開始可能很小，並微不足道，但他的力量和規模將會不斷成長，作為你大部份力量的基礎。"
    },
    {
      "type": "patchouli:crafting",
      "recipe": "bloodmagic:blood_altar"
    },
    {
      "type": "patchouli:text",
      "text": "當$(item)血祭壇$()被放置時，會將$(blood)血液$()轉換為$(blood)生命精華$()，並用其轉化放在上面的物品。當你看像祭壇時按下[$(k:use)]，你夠將你手中的物品放上祭壇。空手時按下[$(k:use)]則能夠取出。"
    },
    {
      "type": "multiblock",
      "name": "階級1血祭壇",
      "multiblock_id": "bloodmagic:altar_one",
      "text": "一級血祭壇，沒有任何符文。"
    },
    {
      "type": "patchouli:text",
      "text": "為了讓你能夠將\"$(blood)LP$()\"，作為$(blood)生命精華$()，首先需要製作$(item)犧牲匕首$()。透過對著空氣按下[$(k:use)]，你能夠從一顆心\"提取\" $(blood)200 LP$()，並將其存入附近的祭壇中。祭壇的初始最大容量為10,000LP，盆中顯示的血量為填充百分比。$(l:bloodmagic:alchemy_array/sigil/divination)占卜印記$(/l)能夠讓你查看更多資訊。"
    },
    {
      "type": "patchouli:crafting",
      "recipe": "bloodmagic:sacrificial_dagger",
      "anchor": "knife",
      "text": "請記住，祭壇所容納的總量10%$(blood)LP$()將會被吸收到內部無形的＂儲罐＂中，用於輸入或輸出$(blood)生命精華$()到祭壇中。"
    },
    {
      "type": "patchouli:text",
      "text": "一但玩家將物品放上祭壇，便會開始嘗試製作(或定期5秒)。$(blood)LP$()祭壇內的液體將會慢慢蒸發(紅色粒子)，使物品轉變。如果祭壇中沒有足夠的$(blood)LP$()，灰色的粒子將會出現，表示祭壇正在遺失進度。一但有充足的$(blood)LP$()將會被消耗(成本乘以物品堆疊的數量)，整個堆疊將被轉化為新的物品。"
    },
    {
      "type": "patchouli:text",
      "text": "你要製作的第一個物品為$(l:bloodmagic:altar/soul_network)微弱血寶珠$(/l)，預設情況下在一級血祭壇中放上鑽石加上$(blood)2000 LP$()。所有可以用血祭壇製作的物品都能使用(JEI)找到。"
    },
    {
      "type": "patchouli:text",
	  "anchor": "blank_rune",
      "text": "要升級血祭壇，你需要製作$(item)血符文$()並將它們放在祭壇周圍。透過使用更高級的血符文，將能夠賦予血祭壇不同的效果。最基本的版本為，$(item)空白符文$()，不提供任何效果 - 唯一用途為提升血祭壇階級。"
    },
    {
      "type": "patchouli:crafting",
      "recipe": "bloodmagic:blood_rune_blank"
    },
    {
      "type": "patchouli:text",
      "text": "為了將血祭壇提升至階級2，你必須在周圍放置8個$(item)血符文$()。這些符文可以進行升級，但位於角落的符文在達到階級3之前無法升級。"
    },
    {
      "type": "multiblock",
      "name": "階級2血祭壇",
      "multiblock_id": "bloodmagic:altar_two",
      "text": "階級2血祭壇，總共有8個符文。"
    },
    {
      "type": "patchouli:text",
	  "anchor": "dagger_of_sacrifice",
      "text": "現在你有了階級2的血祭壇，你可以考慮從除了自己之外的地方獲取$(blood)生命精華$()。$(item)獻祭刀$()能夠使你獻祭在祭壇2格內的生物(怪物或一般生物)，這將會立即殺死他們並且獲取大量的$(blood)LP$()。你可以透過以下方法增加產量$(l:bloodmagic:altar/blood_rune/sacrifice_rune)獻祭符文$()。不同的生物將給予不同數量的$(blood)LP$()。確認你的config來獲取資訊。"
    },
    {
      "type": "bloodmagic:crafting_altar",
      "heading": "獻祭刀",
      "recipe": "bloodmagic:altar/daggerofsacrifice",
      "text": "屠殺村民獲得樂趣及利益!"
    },
    {
      "type": "patchouli:text",
      "text": "要升級血祭壇至階級3，需要沿著邊往下一格並遠離1格後各放置5個$(item)血符文$()。之後在新的符文環上開始，每個角落放上兩個方塊(由$(item)石磚$()示範)，最上方放上$(item)螢光石$()。$(br)要確認是否成功，使用$(l:bloodmagic:alchemy_array/sigil/divination)占卜印記$(/l)確認階級。注意，任何方塊都能用於螢光石下的柱子。"
    },
    {
      "type": "multiblock",
      "name": "階級3血祭壇",
      "multiblock_id": "bloodmagic:altar_three",
      "text": "階級3血祭壇，總共有28個符文，比階級2多20個，每邊5個。"
    },
    {
      "type": "patchouli:text",
      "text": "要升級血祭壇至階級4，需要沿著邊往下一格並遠離1格後各放置7個$(item)血符文$()。之後在新的符文環上開始，每個角落放上4個方塊，然後在柱子頂端放上$(l:bloodmagic:utility/bloodstone_bricks)血石磚$(/l)或者$(l:bloodmagic:utility/bloodstone_bricks)大血石磚$(/l)。"
    },
    {
      "type": "multiblock",
      "name": "階級4血祭壇",
      "multiblock_id": "bloodmagic:altar_four",
      "text": "階級4血祭壇，總共有56個符文，比階級3多28個，每邊7個。"
    },
    {
      "type": "patchouli:text",
      "text": "要升級血祭壇至階級5，需要沿著邊往下一格並遠離2格後各放置13個$(item)血符文$()。並在每個角落放上$(l:bloodmagic:dungeons/demonite)獄火鍛造塊$()。你將不得不去$(thing)魔域$()獲取這種稀有金屬。"
    },
    {
      "type": "multiblock",
      "name": "階級5血祭壇",
      "multiblock_id": "bloodmagic:altar_five",
      "text": "階級5血祭壇，總共有108個符文，比階級4多52個， 每邊13個"
    }
  ]
}
