{
  "name": "標籤物品過濾器",
  "icon": "bloodmagic:itemrouterfilteroredict",
  "category": "bloodmagic:demon_will/item_routing",
  "pages":[
    {
      "type": "patchouli:text",
      "text": "$(item)標籤物品過濾器$()能夠讓你選擇多達9種物品，並按照其設定好的$(thing)標籤$()進行過濾。就像$(l:bloodmagic:demon_will/item_routing/standard_item_filter)標準物品過濾器$()，擁有一個數量選擇器，和允許/拒絕的功能。將數量留空，預設為＂全部＂。$(br2)對於你放進這個過濾器的每個物品，你可以選擇是否依據以下因素來匹配物品$(thing)一個特定標籤$()，或$(thing)任何標籤$()。"
    },
    {
      "type": "bloodmagic:crafting_alchemy_table",
      "heading": "標籤物品過濾器",
      "recipe": "bloodmagic:alchemytable/tag_router_filter",
      "text": "這允許你拒絕/允許物品的類別，所以你可以指定所有帶有$(thing)forge:ores$()的物品送入熔爐。"
    },
    {
      "type": "patchouli:image",
      "images": [
        "bloodmagic:images/entries/routing/tag_item_filter_gui.png",
        "bloodmagic:images/entries/routing/tag_item_filter_mouseover.png"
      ],
      "title": "標籤物品過濾器 GUI",
      "border": true,
      "text": "能夠設定過濾器的GUI以及文字。"
    }
  ]
}
