{
  "name": "插槽",
  "icon": "bloodmagic:soulsnare",
  "category": "bloodmagic:alchemy_array/living_equipment/armor_upgrades",
  "flag": "mod:curios",
  "pages": [
    {
      "type": "patchouli:text",
      "text": "增加$(thing)束靈鎧甲插槽$()的飾品欄位，能夠兼容$(6)Blood Magic$()的物品。 $(br2)這種升級不能訓練，只能製作。預設情況下每一本$(l:bloodmagic:alchemy_array/living_equipment/living_tomes)束靈之書$()增加一個插槽。"
    },
    {
      "type": "bloodmagic:crafting_upgrade_alchemy_table",
      "a.heading": "插槽之書",
      "a.recipe": "bloodmagic:alchemytable/curios_upgrade",
      "b.upgrade": "bloodmagic:curios_socket"
    }
  ]
}