{
  "name": "伊格尼斯贈禮",
  "icon": "minecraft:blaze_powder",
  "category": "bloodmagic:alchemy_array/living_equipment/armor_upgrades",
  "pages": [
    {
      "type": "patchouli:text",
      "text": "效果:給於抗火能力。等級越高，持續越久，冷卻越短。$(br2)訓練:待在火裡。 ($(item)抗火藥水$()大概是你在這裡最好的朋友。) $(br2)最高等級: 5"
    },
    {
      "type": "bloodmagic:living_armour_upgrade_table",
      "upgrade": "bloodmagic:fire_resist"
    }
  ]
}