{
  "name": "新月儀式",
  "icon": "minecraft:ender_pearl",
  "category": "bloodmagic:rituals/ritual_list",
  "pages": [
    {
      "type": "patchouli:multiblock",
      "name": "新月儀式",
      "multiblock_id": "bloodmagic:sphere",
      "text": "使用$(l:bloodmagic:rituals/ritual_diviner#dusk)儀式占卜杖 [薄暮]$(/l)以方便建造。"
    },
    {
      "type": "bloodmagic:ritual_info",
      "ritual": "sphere",
      "text_overrides": [
        ["LP", "blood"]
      ]
    },
    {
      "type": "bloodmagic:ritual_data",
      "ritual": "sphere",
      "page_type": "spheroidRange"
    },
    {
      "type": "patchouli:image",
      "images": [
        "bloodmagic:images/entries/ritual/sphere_above.png",
        "bloodmagic:images/entries/ritual/sphere_below.png"
      ],
      "title": "Default Size",
      "border": true,
      "text": "預設情況下的儀式結果。"
    }
  ]
}
