{
  "name": "地獄夜曲儀式",
  "icon": "minecraft:lava_bucket",
  "category": "bloodmagic:rituals/ritual_list",
  "pages": [
    {
      "type": "multiblock",
      "name": "地獄夜曲儀式",
      "multiblock_id": "bloodmagic:lava",
      "text": "使用$(l:bloodmagic:rituals/ritual_diviner#dusk)儀式占卜杖 [薄暮]$(/l)以方便建造。"
    },
    {
      "type": "bloodmagic:ritual_info",
      "ritual": "lava",
      "text_overrides": [
        ["master ritual stone", "l:bloodmagic:rituals/ritual_stones"]
      ]
    },
    {
      "type": "bloodmagic:ritual_data",
      "ritual": "lava",
      "page_type": "raw",
      "text_overrides": [
        ["LP", "blood"],
        ["tank", "item"]
      ]
    },
    {
      "type": "bloodmagic:ritual_data",
      "ritual": "lava",
      "page_type": "corrosive",
      "text": "對於在地獄時非常有用。"
    },
    {
      "type": "bloodmagic:ritual_data",
      "ritual": "lava",
      "page_type": "vengeful",
      "text_overrides": [
        ["Fire Fuse", "thing"]
      ],
      "text": "當debuff結束，他們會得到一個美好的煙火。"
    },
    {
      "type": "bloodmagic:ritual_data",
      "ritual": "lava",
      "page_type": "destructive",
      "text_overrides": [
        ["Destructive Will", "destructive"]
      ]
    },
        {
      "type": "bloodmagic:ritual_data",
      "ritual": "lava",
      "page_type": "steadfast",
      "text_overrides": [
        ["Fire Resistance", "thing"]
      ]
    },
    {
      "type": "bloodmagic:ritual_data",
      "ritual": "lava",
      "page_type": "lavaRange"
    },
    {
      "type": "bloodmagic:ritual_data",
      "ritual": "lava",
      "page_type": "fireDamage",
      "text_overrides": [
        ["Corrosive Will", "corrosive"]
      ]
    },
    {
      "type": "bloodmagic:ritual_data",
      "ritual": "lava",
      "page_type": "fireFuse",
      "text_overrides": [
        ["Fire Fuse", "thing"]
      ]
    },
    {
      "type": "bloodmagic:ritual_data",
      "ritual": "lava",
      "page_type": "fireResist",
      "text_overrides": [
        ["Fire Resistance", "thing"]
      ]
    },
    {
      "type": "bloodmagic:ritual_data",
      "ritual": "lava",
      "page_type": "lavaTank",
      "text_overrides": [
        ["tank", "item"]
      ]
    }
  ]
}
