{
  "name": "淨魂儀式",
  "icon": "bloodmagic:upgradetome",
  "category": "bloodmagic:rituals/ritual_list",
  "pages": [
    {
      "type": "multiblock",
      "name": "淨魂儀式",
      "multiblock_id": "bloodmagic:upgrade_remove",
      "text": "使用$(l:bloodmagic:rituals/ritual_diviner#dusk)儀式占卜杖 [薄暮]$(/l)以方便建造。"
    },
    {
      "type": "bloodmagic:ritual_info",
      "ritual": "upgrade_remove",
      "text_overrides": [
        ["Living Armor", "l:bloodmagic:alchemy_array/living_equipment/living_basics"],
        ["Upgrade Tomes", "l:bloodmagic:alchemy_array/living_equipment/living_tomes"]
      ]
    }
  ]
}
